-- HRMS.HR.REGIONS--Streams
---------------------
-- CONTEXT
---------------------
create database HRMS;
USE DATABASE HRMS;
CREATE OR REPLACE SCHEMA CDC;
use schema cdc;
select current_database(), current_schema(), current_user(), current_role();

---------------------
-- DDL: EMPLOYEES
---------------------
CREATE OR REPLACE TABLE CDC.EMPLOYEES
(
EMPLOYEE_ID        NUMBER(6,0),
FIRST_NAME         VARCHAR(20),
LAST_NAME          VARCHAR(25),
EMAIL              VARCHAR(25),
PHONE_NUMBER       VARCHAR(20),
HIRE_DATE          DATE,
JOB_ID             VARCHAR(10),
SALARY             NUMBER(8,2),
COMMISSION_PCT     NUMBER(2,2),
MANAGER_ID         NUMBER(6,0),
DEPARTMENT_ID      NUMBER(4,0)
);



CREATE OR REPLACE TABLE DEPARTMENTS
(
DEPARTMENT_ID NUMBER(4,0),
DEPARTMENT_NAME VARCHAR(50),
MANAGER_ID NUMBER(6,0),
LOCATION_ID NUMBER(4,0)
);

---------------------
-- LOAD TEST DATA: EMPLOYEES and DEPARTMENTS
---------------------

INSERT INTO EMPLOYEES (EMPLOYEE_ID, FIRST_NAME, LAST_NAME, EMAIL, PHONE_NUMBER, HIRE_DATE, JOB_ID, SALARY, COMMISSION_PCT, MANAGER_ID, DEPARTMENT_ID) VALUES
( 100, 'STEVEN', 'KING', 'SKING', '515.123.4567', TO_DATE('17-06-2003', 'DD-MM-YYYY'), 'AD_PRES', 24000, NULL, NULL, 90);

INSERT INTO EMPLOYEES (EMPLOYEE_ID, FIRST_NAME, LAST_NAME, EMAIL, PHONE_NUMBER, HIRE_DATE, JOB_ID, SALARY, COMMISSION_PCT, MANAGER_ID, DEPARTMENT_ID) VALUES
( 101, 'NEENA', 'KOCHHAR', 'NKOCHHAR', '515.123.4568', TO_DATE('21-09-2005', 'DD-MM-YYYY'), 'AD_VP', 17000, NULL, 100, 90);


SELECT * FROM EMPLOYEES;

INSERT INTO DEPARTMENTS (DEPARTMENT_ID, DEPARTMENT_NAME, MANAGER_ID, LOCATION_ID)
VALUES (10, 'Administration', 200, NULL);

INSERT INTO DEPARTMENTS (DEPARTMENT_ID, DEPARTMENT_NAME, MANAGER_ID, LOCATION_ID)
VALUES (20, 'Marketing', 201, NULL);

INSERT INTO DEPARTMENTS (DEPARTMENT_ID, DEPARTMENT_NAME, MANAGER_ID, LOCATION_ID)
VALUES (30, 'Purchasing', 114, NULL);

INSERT INTO DEPARTMENTS (DEPARTMENT_ID, DEPARTMENT_NAME, MANAGER_ID, LOCATION_ID)
VALUES (40, 'Human Res', 203, NULL);

INSERT INTO DEPARTMENTS (DEPARTMENT_ID, DEPARTMENT_NAME, MANAGER_ID, LOCATION_ID)
VALUES (50, 'Shipping', 121, NULL);

INSERT INTO DEPARTMENTS (DEPARTMENT_ID, DEPARTMENT_NAME, MANAGER_ID, LOCATION_ID)
VALUES (60, 'IT', 103, NULL);

INSERT INTO DEPARTMENTS (DEPARTMENT_ID, DEPARTMENT_NAME, MANAGER_ID, LOCATION_ID)
VALUES (70, 'Public Rel', 204, NULL);

INSERT INTO DEPARTMENTS (DEPARTMENT_ID, DEPARTMENT_NAME, MANAGER_ID, LOCATION_ID)
VALUES (80, 'Sales', 145, NULL);

INSERT INTO DEPARTMENTS (DEPARTMENT_ID, DEPARTMENT_NAME, MANAGER_ID, LOCATION_ID)
VALUES (90, 'Executive', 100, NULL);

INSERT INTO DEPARTMENTS (DEPARTMENT_ID, DEPARTMENT_NAME, MANAGER_ID, LOCATION_ID)
VALUES (100, 'Finance', 108, NULL);

SELECT * FROM DEPARTMENTS;
---------------------
-- DDL: EMPLOYEES_DIM_CDC AND STREAM_EMPLOYEES 
---------------------

CREATE OR REPLACE TABLE EMPLOYEES_DIM_CDC
(
EMPLOYEE_ID        NUMBER(6,0),
FIRST_NAME         VARCHAR(20),
LAST_NAME          VARCHAR(25),
EMAIL              VARCHAR(25),
PHONE_NUMBER       VARCHAR(20),
HIRE_DATE          DATE,
JOB_ID             VARCHAR(10),
SALARY             NUMBER(8,2),
COMMISSION_PCT     NUMBER(2,2),
MANAGER_ID         NUMBER(6,0),
DEPARTMENT_ID      NUMBER(4,0),
LAST_UPDATED_TS    TIMESTAMP ,
LAST_INSERTED_TS   TIMESTAMP 
);


CREATE OR REPLACE STREAM STREAM_EMPLOYEES ON TABLE CDC.EMPLOYEES; 

SELECT * FROM STREAM_EMPLOYEES;

SELECT * FROM CDC.EMPLOYEES;
--- SETUP TO HERE on Dec 1st 2025

---------------------
-- UPDATE TEST DATA: EMPLOYEES (GRT SOME CHANGES AVAILABLE IN THE STREAM FOR CONSUMPTION IN THE DIM TABLE)
---------------------
UPDATE CDC.EMPLOYEES
SET SALARY=21000
WHERE EMPLOYEE_ID =100;


UPDATE CDC.EMPLOYEES
SET SALARY=18000
WHERE EMPLOYEE_ID =101;


SELECT * FROM CDC.EMPLOYEES;


SELECT * FROM STREAM_EMPLOYEES ORDER BY 1;

INSERT INTO EMPLOYEES (EMPLOYEE_ID, FIRST_NAME, LAST_NAME, EMAIL, PHONE_NUMBER, HIRE_DATE, JOB_ID, SALARY, COMMISSION_PCT, MANAGER_ID, DEPARTMENT_ID) VALUES
( 102, 'LEX', 'DE HAAN', 'LDEHAAN', '515.123.4569', TO_DATE('13-01-2001', 'DD-MM-YYYY'), 'AD_VP', 17000, NULL, 100, 90);


SELECT * FROM CDC.EMPLOYEES;

SELECT * FROM STREAM_EMPLOYEES ORDER BY 1;

---------------------
-- CONSUME STREAM: MERGE CHANGES INTO EMPLOYEES_DIM_CDC
---------------------

MERGE INTO EMPLOYEES_DIM_CDC EDIM
USING STREAM_EMPLOYEES CDC
ON EDIM.EMPLOYEE_ID = CDC.EMPLOYEE_ID 
WHEN MATCHED AND 
     METADATA$ACTION = 'INSERT' AND 
     METADATA$ISUPDATE = TRUE
THEN UPDATE
        SET 
        EDIM.EMPLOYEE_ID     = CDC.EMPLOYEE_ID,
        EDIM.FIRST_NAME      = CDC.FIRST_NAME,
        EDIM.LAST_NAME       = CDC.LAST_NAME,
        EDIM.EMAIL           = CDC.EMAIL,  
        EDIM.PHONE_NUMBER    = CDC.PHONE_NUMBER,
        EDIM.HIRE_DATE       = CDC.HIRE_DATE,
        EDIM.JOB_ID          = CDC.JOB_ID,  
        EDIM.SALARY          = CDC.SALARY,
        EDIM.COMMISSION_PCT  = CDC.COMMISSION_PCT,
        EDIM.MANAGER_ID      = CDC.MANAGER_ID, 
        EDIM.DEPARTMENT_ID   = CDC.DEPARTMENT_ID,
        EDIM.LAST_UPDATED_TS = CURRENT_TIMESTAMP()
WHEN NOT MATCHED AND
         METADATA$ACTION = 'INSERT' 
THEN INSERT 
(EDIM.EMPLOYEE_ID,EDIM.FIRST_NAME, EDIM.LAST_NAME, EDIM.EMAIL, EDIM.PHONE_NUMBER,      
                                                                    EDIM.HIRE_DATE,EDIM.JOB_ID,EDIM.SALARY,EDIM.COMMISSION_PCT,EDIM.MANAGER_ID,EDIM.DEPARTMENT_ID,EDIM.LAST_UPDATED_TS,EDIM.LAST_INSERTED_TS)
VALUES
(CDC.EMPLOYEE_ID,CDC.FIRST_NAME, CDC.LAST_NAME, CDC.EMAIL, CDC.PHONE_NUMBER, CDC.HIRE_DATE,CDC.JOB_ID, CDC.SALARY,CDC.COMMISSION_PCT,CDC.MANAGER_ID,CDC.DEPARTMENT_ID,CURRENT_TIMESTAMP,CURRENT_TIMESTAMP);


SELECT * FROM EMPLOYEES_DIM_CDC; -- 3 ROWS


SELECT * FROM STREAM_EMPLOYEES; -- Stream is now empty after the Merge.


SELECT * FROM CDC.EMPLOYEES;     -- 3 ROWS


DELETE FROM CDC.EMPLOYEES
WHERE EMPLOYEE_ID =100;


SELECT * FROM STREAM_EMPLOYEES ORDER BY 1;

UPDATE  CDC.EMPLOYEES
SET  SALARY=24000,
     JOB_ID='AD_PRES'
WHERE EMPLOYEE_ID=101;

SELECT * FROM CDC.EMPLOYEES;


SELECT * FROM STREAM_EMPLOYEES ORDER BY 1;


MERGE INTO EMPLOYEES_DIM_CDC EDIM
USING STREAM_EMPLOYEES CDC
ON EDIM.EMPLOYEE_ID = CDC.EMPLOYEE_ID 
WHEN MATCHED AND 
     METADATA$ACTION = 'INSERT' AND 
     METADATA$ISUPDATE = TRUE
THEN UPDATE
        SET 
        EDIM.EMPLOYEE_ID     = CDC.EMPLOYEE_ID,
        EDIM.FIRST_NAME      = CDC.FIRST_NAME,
        EDIM.LAST_NAME       = CDC.LAST_NAME,
        EDIM.EMAIL           = CDC.EMAIL,  
        EDIM.PHONE_NUMBER    = CDC.PHONE_NUMBER,
        EDIM.HIRE_DATE       = CDC.HIRE_DATE,
        EDIM.JOB_ID          = CDC.JOB_ID,  
        EDIM.SALARY          = CDC.SALARY,
        EDIM.COMMISSION_PCT  = CDC.COMMISSION_PCT,
        EDIM.MANAGER_ID      = CDC.MANAGER_ID, 
        EDIM.DEPARTMENT_ID   = CDC.DEPARTMENT_ID,
        EDIM.LAST_UPDATED_TS = CURRENT_TIMESTAMP()
WHEN  MATCHED AND METADATA$ACTION ='DELETE'
              AND METADATA$ISUPDATE = FALSE      
THEN DELETE        

WHEN NOT MATCHED AND 
     METADATA$ACTION = 'INSERT' AND 
     METADATA$ISUPDATE = FALSE           
THEN INSERT 
(EDIM.EMPLOYEE_ID,EDIM.FIRST_NAME, EDIM.LAST_NAME, EDIM.EMAIL, EDIM.PHONE_NUMBER,      
                                                                    EDIM.HIRE_DATE,EDIM.JOB_ID,EDIM.SALARY,EDIM.COMMISSION_PCT,EDIM.MANAGER_ID,EDIM.DEPARTMENT_ID,EDIM.LAST_UPDATED_TS,EDIM.LAST_INSERTED_TS)
VALUES
(CDC.EMPLOYEE_ID,CDC.FIRST_NAME, CDC.LAST_NAME, CDC.EMAIL, CDC.PHONE_NUMBER, CDC.HIRE_DATE,CDC.JOB_ID, CDC.SALARY,CDC.COMMISSION_PCT,CDC.MANAGER_ID,CDC.DEPARTMENT_ID,CURRENT_TIMESTAMP,CURRENT_TIMESTAMP);



SELECT * FROM EMPLOYEES_DIM_CDC ORDER BY 1;


--=====================
-- TASKS AND STREAMS
---====================

SELECT SYSTEM$STREAM_HAS_DATA('STREAM_EMPLOYEES'); -- No data in stream
     
SELECT * FROM CDC.EMPLOYEES; -- 3 rows in table

UPDATE CDC.EMPLOYEES -- update 1 row to get data into the stream
SET PHONE_NUMBER ='000.000.0000'
WHERE EMPLOYEE_ID = 102;

---------------------
-- TASK: TASK_UPDATE_EMPLOYEES_DIM_CDC (HAS MERGE LOGIC TO CONSUME STREAM)
---------------------
CREATE OR REPLACE TASK TASK_UPDATE_EMPLOYEES_DIM_CDC
WAREHOUSE = COMPUTE_WH 
SCHEDULE = '10 MINUTE'
WHEN SYSTEM$STREAM_HAS_DATA('STREAM_EMPLOYEES')
AS
MERGE INTO EMPLOYEES_DIM_CDC EDIM
USING STREAM_EMPLOYEES CDC
ON EDIM.EMPLOYEE_ID = CDC.EMPLOYEE_ID 
WHEN MATCHED AND 
     METADATA$ACTION = 'INSERT' AND 
     METADATA$ISUPDATE = TRUE
THEN UPDATE
        SET 
        EDIM.EMPLOYEE_ID     = CDC.EMPLOYEE_ID,
        EDIM.FIRST_NAME      = CDC.FIRST_NAME,
        EDIM.LAST_NAME       = CDC.LAST_NAME,
        EDIM.EMAIL           = CDC.EMAIL,  
        EDIM.PHONE_NUMBER    = CDC.PHONE_NUMBER,
        EDIM.HIRE_DATE       = CDC.HIRE_DATE,
        EDIM.JOB_ID          = CDC.JOB_ID,  
        EDIM.SALARY          = CDC.SALARY,
        EDIM.COMMISSION_PCT  = CDC.COMMISSION_PCT,
        EDIM.MANAGER_ID      = CDC.MANAGER_ID, 
        EDIM.DEPARTMENT_ID   = CDC.DEPARTMENT_ID,
        EDIM.LAST_UPDATED_TS = CURRENT_TIMESTAMP()
WHEN  MATCHED AND METADATA$ACTION ='DELETE'
              AND METADATA$ISUPDATE = FALSE      
THEN DELETE        
WHEN NOT MATCHED AND 
     METADATA$ACTION = 'INSERT' AND 
     METADATA$ISUPDATE = FALSE           
THEN INSERT 
(EDIM.EMPLOYEE_ID,EDIM.FIRST_NAME, EDIM.LAST_NAME, EDIM.EMAIL, EDIM.PHONE_NUMBER,      
                                                                    EDIM.HIRE_DATE,EDIM.JOB_ID,EDIM.SALARY,EDIM.COMMISSION_PCT,EDIM.MANAGER_ID,EDIM.DEPARTMENT_ID,EDIM.LAST_UPDATED_TS,EDIM.LAST_INSERTED_TS)
VALUES
(CDC.EMPLOYEE_ID,CDC.FIRST_NAME, CDC.LAST_NAME, CDC.EMAIL, CDC.PHONE_NUMBER, CDC.HIRE_DATE,CDC.JOB_ID, CDC.SALARY,CDC.COMMISSION_PCT,CDC.MANAGER_ID,CDC.DEPARTMENT_ID,CURRENT_TIMESTAMP,CURRENT_TIMESTAMP);

ALTER TASK TASK_UPDATE_EMPLOYEES_DIM_CDC  RESUME;

EXECUTE TASK TASK_UPDATE_EMPLOYEES_DIM_CDC;

SELECT * FROM CDC.EMPLOYEES_DIM_CDC ORDER BY 1;

SELECT * FROM CDC.EMPLOYEES;


INSERT INTO EMPLOYEES (EMPLOYEE_ID, FIRST_NAME, LAST_NAME, EMAIL, PHONE_NUMBER, HIRE_DATE, JOB_ID, SALARY, COMMISSION_PCT, MANAGER_ID, DEPARTMENT_ID) VALUES
( 103, 'ALEXANDER', 'HUNOLD', 'AHUNOLD', '590.423.4567', TO_DATE('03-01-2006', 'DD-MM-YYYY'), 'IT_PROG', 9000, NULL, 102, 60);


SELECT SYSTEM$STREAM_HAS_DATA('STREAM_EMPLOYEES'); -- No data in stream now


SELECT * FROM STREAM_EMPLOYEES ORDER BY 1;


EXECUTE TASK TASK_UPDATE_EMPLOYEES_DIM_CDC;  


SELECT * FROM CDC.EMPLOYEES_DIM_CDC ORDER BY 1;

-- Using more than 1 table in a Merge.

---------------------
-- DDL: EMP_DEPT_DIM_CDC AND EMP_DEPT_DIM_CDC
---------------------
-- This DDL was created at the top of the script as the instructor assumeed we had it already.
-- CREATE TABLE CDC.DEPARTMENTS 
-- AS
-- SELECT * FROM HR.DEPARTMENTS;

-- SELECT * FROM CDC.DEPARTMENTS;

CREATE OR REPLACE TABLE EMP_DEPT_DIM_CDC
(
EMPLOYEE_ID        NUMBER(6,0),
FIRST_NAME         VARCHAR(20),
LAST_NAME          VARCHAR(25),
EMAIL              VARCHAR(25),
PHONE_NUMBER       VARCHAR(20),
HIRE_DATE          DATE,
JOB_ID             VARCHAR(10),
SALARY             NUMBER(8,2),
COMMISSION_PCT     NUMBER(2,2),
MANAGER_ID         NUMBER(6,0),
DEPARTMENT_ID      NUMBER(4,0),
DEPARTMENT_NAME    VARCHAR(10),
LAST_UPDATED_TS    TIMESTAMP ,
LAST_INSERTED_TS   TIMESTAMP 
);

---------------------
-- DML: ADD 2 EMPLOYEE ROWS AND OBSERVE STREAM
---------------------
INSERT INTO EMPLOYEES (EMPLOYEE_ID, FIRST_NAME, LAST_NAME, EMAIL, PHONE_NUMBER, HIRE_DATE, JOB_ID, SALARY, COMMISSION_PCT, MANAGER_ID, DEPARTMENT_ID) VALUES
( 104, 'BRUCE', 'ERNST', 'BERNST', '590.423.4568', TO_DATE('21-05-2007', 'DD-MM-YYYY'), 'IT_PROG', 6000, NULL, 103, 60);

INSERT INTO EMPLOYEES (EMPLOYEE_ID, FIRST_NAME, LAST_NAME, EMAIL, PHONE_NUMBER, HIRE_DATE, JOB_ID, SALARY, COMMISSION_PCT, MANAGER_ID, DEPARTMENT_ID) VALUES
( 105, 'DAVID', 'AUSTIN', 'DAUSTIN', '590.423.4569', TO_DATE('25-06-2005', 'DD-MM-YYYY'), 'IT_PROG', 4800, NULL, 103, 60);


SELECT * FROM STREAM_EMPLOYEES;

---------------------
-- MERGE: UPDATE EMPLOYEE/DEPT DIM USING STREAM
---------------------
SELECT * FROM EMP_DEPT_DIM_CDC;-- NO ROWS YET

SELECT * FROM CDC.EMPLOYEES; -- 7 ROWS
SELECT * FROM CDC.DEPARTMENTS; -- 10 ROWS
WITH CDC AS ( -- Common Table Expression to join stream with departments (LOOK FOR ENTIRE EMPLOYEE RECIRD PLUS DEPT NAME)
    SELECT SED.*, D.DEPARTMENT_NAME
    FROM STREAM_EMPLOYEES SED
    JOIN CDC.DEPARTMENTS D
      ON SED.DEPARTMENT_ID = D.DEPARTMENT_ID
)
SELECT * FROM CDC;

MERGE INTO EMP_DEPT_DIM_CDC EDIM -- NOW WE KNOW THE (STREAM + DEPT TABLE) DATA JOINS UP.. LETS TRY THE MERGE INTO DIME TABLE
USING (
        SELECT SED.*,D.DEPARTMENT_NAME FROM STREAM_EMPLOYEES  SED
               JOIN CDC.DEPARTMENTS D
               ON SED.DEPARTMENT_ID=D.DEPARTMENT_ID
      ) CDC
ON EDIM.EMPLOYEE_ID = CDC.EMPLOYEE_ID 
WHEN MATCHED AND 
     METADATA$ACTION = 'INSERT' AND 
     METADATA$ISUPDATE = TRUE
THEN UPDATE
        SET 
        EDIM.EMPLOYEE_ID     = CDC.EMPLOYEE_ID,
        EDIM.FIRST_NAME      = CDC.FIRST_NAME,
        EDIM.LAST_NAME       = CDC.LAST_NAME,
        EDIM.EMAIL           = CDC.EMAIL,  
        EDIM.PHONE_NUMBER    = CDC.PHONE_NUMBER,
        EDIM.HIRE_DATE       = CDC.HIRE_DATE,
        EDIM.JOB_ID          = CDC.JOB_ID,  
        EDIM.SALARY          = CDC.SALARY,
        EDIM.COMMISSION_PCT  = CDC.COMMISSION_PCT,
        EDIM.MANAGER_ID      = CDC.MANAGER_ID, 
        EDIM.DEPARTMENT_ID   = CDC.DEPARTMENT_ID,
        EDIM.DEPARTMENT_NAME = CDC.DEPARTMENT_NAME,
        EDIM.LAST_UPDATED_TS = CURRENT_TIMESTAMP()
WHEN  MATCHED AND METADATA$ACTION ='DELETE'
              AND METADATA$ISUPDATE = FALSE      
THEN DELETE        
WHEN NOT MATCHED AND 
     METADATA$ACTION = 'INSERT' AND 
     METADATA$ISUPDATE = FALSE           
THEN INSERT 
(EDIM.EMPLOYEE_ID,EDIM.FIRST_NAME, EDIM.LAST_NAME, EDIM.EMAIL, EDIM.PHONE_NUMBER,                                                                   
                                            EDIM.HIRE_DATE,EDIM.JOB_ID,EDIM.SALARY,EDIM.COMMISSION_PCT,EDIM.MANAGER_ID,EDIM.DEPARTMENT_ID,EDIM.DEPARTMENT_NAME,EDIM.LAST_UPDATED_TS,EDIM.LAST_INSERTED_TS)
VALUES
(CDC.EMPLOYEE_ID,CDC.FIRST_NAME, CDC.LAST_NAME, CDC.EMAIL, CDC.PHONE_NUMBER, CDC.HIRE_DATE,CDC.JOB_ID, CDC.SALARY,CDC.COMMISSION_PCT,CDC.MANAGER_ID,CDC.DEPARTMENT_ID,CDC.DEPARTMENT_NAME,
                                                                                                                                                                    CURRENT_TIMESTAMP,CURRENT_TIMESTAMP);

SELECT * FROM EMP_DEPT_DIM_CDC;

---------------------
-- Observation: Above we updated a dim based on changes in one table. Can we do this for changes on 10 tables? Yes, but that would be inefficient. 
-- A better approach is to create a stream ona a view
---------------------
-- Insert 2 more EMPLOYEE records (so there is data in the stream)
INSERT INTO EMPLOYEES (EMPLOYEE_ID, FIRST_NAME, LAST_NAME, EMAIL, PHONE_NUMBER, HIRE_DATE, JOB_ID, SALARY, COMMISSION_PCT, MANAGER_ID, DEPARTMENT_ID) VALUES
( 104, 'BRUCE', 'ERNST', 'BERNST', '590.423.4568', TO_DATE('21-05-2007', 'DD-MM-YYYY'), 'IT_PROG', 6000, NULL, 103, 60);

INSERT INTO EMPLOYEES (EMPLOYEE_ID, FIRST_NAME, LAST_NAME, EMAIL, PHONE_NUMBER, HIRE_DATE, JOB_ID, SALARY, COMMISSION_PCT, MANAGER_ID, DEPARTMENT_ID) VALUES
( 105, 'DAVID', 'AUSTIN', 'DAUSTIN', '590.423.4569', TO_DATE('25-06-2005', 'DD-MM-YYYY'), 'IT_PROG', 4800, NULL, 103, 60);
SELECT * FROM STREAM_EMPLOYEES;

-- Create Locations table and populate it
CREATE OR REPLACE TABLE LOCATIONS (
  LOCATION_ID      NUMBER(4,0),
  STREET_ADDRESS   VARCHAR(40),
  POSTAL_CODE      VARCHAR(10),
  CITY             VARCHAR(30),
  STATE_PROVINCE   VARCHAR(30),
  COUNTRY_ID       VARCHAR(2)
);
INSERT INTO LOCATIONS (LOCATION_ID, STREET_ADDRESS, POSTAL_CODE, CITY, STATE_PROVINCE, COUNTRY_ID)
VALUES (1000, '1297 VIA COLA DI RIE', '00989', 'ROMA', NULL, 'IT');

INSERT INTO LOCATIONS (LOCATION_ID, STREET_ADDRESS, POSTAL_CODE, CITY, STATE_PROVINCE, COUNTRY_ID)
VALUES (1100, '93091 CALLE DELLA TESTA', '10934', 'VENICE', NULL, 'IT');

INSERT INTO LOCATIONS (LOCATION_ID, STREET_ADDRESS, POSTAL_CODE, CITY, STATE_PROVINCE, COUNTRY_ID)
VALUES (1200, '2017 SHINJUKU-KU', '1689', 'TOKYO', 'TOKYO PREFECTURE', 'JP');

INSERT INTO LOCATIONS (LOCATION_ID, STREET_ADDRESS, POSTAL_CODE, CITY, STATE_PROVINCE, COUNTRY_ID)
VALUES (1300, '9450 KAMIYA-CHO', '6823', 'HIROSHIMA', NULL, 'JP');


---------------------
-- MERGE: UPDATE EMPLOYEE/DEPT DIM USING STREAM
---------------------
--Creating a stream on a view
-- This script from the exercise not used as it assumes the locations table already existed and had data in it.
-- CREATE OR REPLACE TABLE CDC.LOCATIONS
-- AS 
-- SELECT * FROM HR.LOCATIONS;

-- SELECT * FROM CDC.LOCATIONS;

-- Refine query for view
SELECT * FROM CDC.LOCATIONS;
SELECT * FROM CDC.DEPARTMENTS;


SELECT 
      E.*,
      D.DEPARTMENT_NAME,
      L.CITY
FROM 
     CDC.EMPLOYEES E, 
     CDC.DEPARTMENTS D,
     CDC.LOCATIONS L
WHERE E.DEPARTMENT_ID =D.DEPARTMENT_ID
AND L.LOCATION_ID=D.LOCATION_ID;
-- CREATE VIEW, AND THEN STREAM ON VIEW
CREATE OR REPLACE VIEW VIEW_EMP_DEPT_LOC
AS 
SELECT 
      E.*,
      D.DEPARTMENT_NAME,
      L.CITY
FROM 
     CDC.EMPLOYEES E, 
     CDC.DEPARTMENTS D,
     CDC.LOCATIONS L
WHERE E.DEPARTMENT_ID =D.DEPARTMENT_ID
AND L.LOCATION_ID=D.LOCATION_ID;


CREATE OR REPLACE STREAM STREAM_VIEW_EMP_DEPT_LOC ON VIEW VIEW_EMP_DEPT_LOC;


INSERT INTO EMPLOYEES (EMPLOYEE_ID, FIRST_NAME, LAST_NAME, EMAIL, PHONE_NUMBER, HIRE_DATE, JOB_ID, SALARY, COMMISSION_PCT, MANAGER_ID, DEPARTMENT_ID) VALUES
( 108, 'WALLY', 'PATABALLA', 'VPATABAL', '590.423.4560', TO_DATE('05-02-2006', 'DD-MM-YYYY'), 'IT_PROG', 4800, NULL, 103, 60);

INSERT INTO EMPLOYEES (EMPLOYEE_ID, FIRST_NAME, LAST_NAME, EMAIL, PHONE_NUMBER, HIRE_DATE, JOB_ID, SALARY, COMMISSION_PCT, MANAGER_ID, DEPARTMENT_ID) VALUES
( 109, 'DAVE', 'LORENTZ', 'DLORENTZ', '590.423.5567', TO_DATE('07-02-2007', 'DD-MM-YYYY'), 'IT_PROG', 4200, NULL, 103, 60);

select * from VIEW_EMP_DEPT_LOC;

SELECT * FROM STREAM_VIEW_EMP_DEPT_LOC ORDER BY 1;

---------------------
-- DDL: CREATE TARGET DIM TABLE AND MERGE
---------------------

CREATE OR REPLACE TABLE EMP_DEPT_LOC_DIM_CDC
(
EMPLOYEE_ID        NUMBER(6,0),
FIRST_NAME         VARCHAR(20),
LAST_NAME          VARCHAR(25),
EMAIL              VARCHAR(25),
PHONE_NUMBER       VARCHAR(20),
HIRE_DATE          DATE,
JOB_ID             VARCHAR(10),
SALARY             NUMBER(8,2),
COMMISSION_PCT     NUMBER(2,2),
MANAGER_ID         NUMBER(6,0),
DEPARTMENT_ID      NUMBER(4,0),
DEPARTMENT_NAME    VARCHAR(10),
CITY               VARCHAR(10), 
LAST_UPDATED_TS    TIMESTAMP ,
LAST_INSERTED_TS   TIMESTAMP 
);


MERGE INTO EMP_DEPT_LOC_DIM_CDC EDIM
USING  STREAM_VIEW_EMP_DEPT_LOC  CDC
ON EDIM.EMPLOYEE_ID = CDC.EMPLOYEE_ID 
WHEN MATCHED AND 
     METADATA$ACTION = 'INSERT' AND 
     METADATA$ISUPDATE = TRUE
THEN UPDATE
        SET 
        EDIM.EMPLOYEE_ID     = CDC.EMPLOYEE_ID,
        EDIM.FIRST_NAME      = CDC.FIRST_NAME,
        EDIM.LAST_NAME       = CDC.LAST_NAME,
        EDIM.EMAIL           = CDC.EMAIL,  
        EDIM.PHONE_NUMBER    = CDC.PHONE_NUMBER,
        EDIM.HIRE_DATE       = CDC.HIRE_DATE,
        EDIM.JOB_ID          = CDC.JOB_ID,  
        EDIM.SALARY          = CDC.SALARY,
        EDIM.COMMISSION_PCT  = CDC.COMMISSION_PCT,
        EDIM.MANAGER_ID      = CDC.MANAGER_ID, 
        EDIM.DEPARTMENT_ID   = CDC.DEPARTMENT_ID,
        EDIM.DEPARTMENT_NAME = CDC.DEPARTMENT_NAME,
        EDIM.CITY            = CDC.CITY,
        EDIM.LAST_UPDATED_TS = CURRENT_TIMESTAMP()
WHEN  MATCHED AND METADATA$ACTION ='DELETE'
              AND METADATA$ISUPDATE = FALSE      
THEN DELETE        
WHEN NOT MATCHED AND 
     METADATA$ACTION = 'INSERT' AND 
     METADATA$ISUPDATE = FALSE           
THEN INSERT 
(EDIM.EMPLOYEE_ID,EDIM.FIRST_NAME, EDIM.LAST_NAME, EDIM.EMAIL, EDIM.PHONE_NUMBER,                                                                                                               EDIM.HIRE_DATE,EDIM.JOB_ID,EDIM.SALARY,EDIM.COMMISSION_PCT,EDIM.MANAGER_ID,EDIM.DEPARTMENT_ID,EDIM.DEPARTMENT_NAME,EDIM.CITY,EDIM.LAST_UPDATED_TS,EDIM.LAST_INSERTED_TS)
VALUES
(CDC.EMPLOYEE_ID,CDC.FIRST_NAME, CDC.LAST_NAME, CDC.EMAIL, CDC.PHONE_NUMBER, CDC.HIRE_DATE,CDC.JOB_ID, CDC.SALARY,CDC.COMMISSION_PCT,CDC.MANAGER_ID,CDC.DEPARTMENT_ID,CDC.DEPARTMENT_NAME,CDC.CITY,
     CURRENT_TIMESTAMP,CURRENT_TIMESTAMP);
SELECT * FROM EMP_DEPT_LOC_DIM_CDC;       
-- ------------------------------------ ABOVE SCRIPT IMPLEMENTED AS OF 2025-12-02 12:07PM                                                                                                                                                                                                                                                                                                                                                                                                                            
--Append only Stream
TRUNCATE TABLE CDC.EMPLOYEES;

SELECT * FROM CDC.EMPLOYEES;  
DROP TABLE CDC.EMPLOYEES ;

CREATE OR REPLACE TABLE CDC.EMPLOYEES
(
EMPLOYEE_ID        NUMBER(6,0),
FIRST_NAME         VARCHAR(20),
LAST_NAME          VARCHAR(25),
EMAIL              VARCHAR(25),
PHONE_NUMBER       VARCHAR(20),
HIRE_DATE          DATE,
JOB_ID             VARCHAR(10),
SALARY             NUMBER(8,2),
COMMISSION_PCT     NUMBER(2,2),
MANAGER_ID         NUMBER(6,0),
DEPARTMENT_ID      NUMBER(4,0)
);

CREATE OR REPLACE STREAM STREAM_EMPLOYEES_INSERT 
ON TABLE CDC.EMPLOYEES
APPEND_ONLY = TRUE ;


SELECT * FROM STREAM_EMPLOYEES_INSERT;

INSERT INTO EMPLOYEES (EMPLOYEE_ID, FIRST_NAME, LAST_NAME, EMAIL, PHONE_NUMBER, HIRE_DATE, JOB_ID, SALARY, COMMISSION_PCT, MANAGER_ID, DEPARTMENT_ID) VALUES
( 114, 'DEN', 'RAPHAELY', 'DRAPHEAL', '515.127.4561', TO_DATE('07-12-2002', 'DD-MM-YYYY'), 'PU_MAN', 11000, NULL, 100, 30);


SELECT * FROM STREAM_EMPLOYEES_INSERT;


CREATE OR REPLACE TABLE CONSUME_THE_STREAM_INSERT
AS
SELECT * FROM STREAM_EMPLOYEES_INSERT;

SELECT * FROM STREAM_EMPLOYEES_INSERT;

SELECT * FROM CONSUME_THE_STREAM_INSERT;


UPDATE CDC.EMPLOYEES
SET SALARY =21001
WHERE EMPLOYEE_ID =114;


SELECT * FROM STREAM_EMPLOYEES_INSERT;


--How to Empty a stream

SELECT * FROM EMPLOYEES;

CREATE OR REPLACE STREAM STREAM_EMPLOYEES ON TABLE CDC.EMPLOYEES; 

INSERT INTO EMPLOYEES (EMPLOYEE_ID, FIRST_NAME, LAST_NAME, EMAIL, PHONE_NUMBER, HIRE_DATE, JOB_ID, SALARY, COMMISSION_PCT, MANAGER_ID, DEPARTMENT_ID) VALUES
( 108, 'NANCY', 'GREENBERG', 'NGREENBE', '515.124.4569', TO_DATE('17-08-2002', 'DD-MM-YYYY'), 'FI_MGR', 12008, NULL, 101, 100);

INSERT INTO EMPLOYEES (EMPLOYEE_ID, FIRST_NAME, LAST_NAME, EMAIL, PHONE_NUMBER, HIRE_DATE, JOB_ID, SALARY, COMMISSION_PCT, MANAGER_ID, DEPARTMENT_ID) VALUES
( 109, 'DANIEL', 'FAVIET', 'DFAVIET', '515.124.4169', TO_DATE('16-08-2002', 'DD-MM-YYYY'), 'FI_ACCOUNT', 9000, NULL, 108, 100);


SELECT * FROM STREAM_EMPLOYEES;


CREATE OR REPLACE STREAM STREAM_EMPLOYEES ON TABLE CDC.EMPLOYEES;


TRUNCATE STREAM STREAM_EMPLOYEES;


--Changes Clause

ALTER TABLE CDC.EMPLOYEES SET CHANGE_TRACKING = TRUE;

SELECT * FROM CDC.EMPLOYEES;

SET TS1 = (SELECT CURRENT_TIMESTAMP());  -- Initialize a session variable for the current timestamp.

SHOW VARIABLES LIKE 'TS1' 
 

INSERT INTO EMPLOYEES (EMPLOYEE_ID, FIRST_NAME, LAST_NAME, EMAIL, PHONE_NUMBER, HIRE_DATE, JOB_ID, SALARY, COMMISSION_PCT, MANAGER_ID, DEPARTMENT_ID) VALUES
( 111, 'ISMAEL', 'SCIARRA', 'ISCIARRA', '515.124.4369', TO_DATE('30-09-2005', 'DD-MM-YYYY'), 'FI_ACCOUNT', 7700, NULL, 108, 100);


INSERT INTO EMPLOYEES (EMPLOYEE_ID, FIRST_NAME, LAST_NAME, EMAIL, PHONE_NUMBER, HIRE_DATE, JOB_ID, SALARY, COMMISSION_PCT, MANAGER_ID, DEPARTMENT_ID) VALUES
( 112, 'JOSE MANUEL', 'URMAN', 'JMURMAN', '515.124.4469', TO_DATE('07-03-2006', 'DD-MM-YYYY'), 'FI_ACCOUNT', 7800, NULL, 108, 100);

SET TS2 = (SELECT CURRENT_TIMESTAMP());

INSERT INTO EMPLOYEES (EMPLOYEE_ID, FIRST_NAME, LAST_NAME, EMAIL, PHONE_NUMBER, HIRE_DATE, JOB_ID, SALARY, COMMISSION_PCT, MANAGER_ID, DEPARTMENT_ID) VALUES
( 113, 'LUIS', 'POPP', 'LPOPP', '515.124.4567', TO_DATE('07-12-2007', 'DD-MM-YYYY'), 'FI_ACCOUNT', 6900, NULL, 108, 100);


SET TS3 = (SELECT CURRENT_TIMESTAMP());


SELECT * FROM CDC.EMPLOYEES
   CHANGES(INFORMATION => DEFAULT)
   AT(TIMESTAMP => $TS1)
  END(TIMESTAMP => $TS2);

SELECT * FROM EMPLOYEES
   CHANGES(INFORMATION => DEFAULT)
   AT(TIMESTAMP => $TS1)
  END(TIMESTAMP => $TS3);


UPDATE EMPLOYEES 
SET PHONE_NUMBER = '999.999.9999' 
WHERE EMPLOYEE_ID = 113;

SET TS4 = (SELECT CURRENT_TIMESTAMP());

SELECT * FROM EMPLOYEES
  CHANGES(INFORMATION => DEFAULT)
  AT(TIMESTAMP => $TS1)
  END(TIMESTAMP => $TS3);

 SELECT * FROM EMPLOYEES
  CHANGES(INFORMATION => DEFAULT)
  AT(TIMESTAMP => $TS1)
  END(TIMESTAMP => $TS4);

 
 DELETE FROM EMPLOYEES 
 WHERE EMPLOYEE_ID = 112;


 SET TS5 = (SELECT CURRENT_TIMESTAMP());


 SELECT * FROM EMPLOYEES
   CHANGES(INFORMATION => DEFAULT)
   AT(TIMESTAMP => $TS1)
   END(TIMESTAMP => $TS4);


SELECT * FROM EMPLOYEES
   CHANGES(INFORMATION => DEFAULT)
   AT(TIMESTAMP => $TS1)
   END(TIMESTAMP => $TS5);

SELECT * FROM EMPLOYEES
   CHANGES(INFORMATION => DEFAULT)
   AT(TIMESTAMP => $TS1)


CREATE OR REPLACE TABLE CONSUME_THE_CHANGES_TRACKING
AS
SELECT * FROM EMPLOYEES
   CHANGES(INFORMATION => DEFAULT)
   AT(TIMESTAMP => $TS1)

SELECT * FROM  CONSUME_THE_CHANGES_TRACKING;  

SELECT * FROM EMPLOYEES
   CHANGES(INFORMATION => DEFAULT)
   AT(TIMESTAMP => $TS1);

select current_database(), current_schema(), current_user(), current_role();


----

SHOW TASKS;
ALTER TASK TASK_UPDATE_EMPLOYEES_DIM_CDC  SUSPEND;

SELECT * FROM TABLE(INFORMATION_SCHEMA.TASK_HISTORY()) 
WHERE NAME='TASK_UPDATE_EMPLOYEES_DIM_CDC' ORDER BY SCHEDULED_TIME DESC;
SHOW TASKS LIKE  'TASK_UPDATE_EMPLOYEES_DIM_CDC';
DESCRIBE TASK TASK_UPDATE_EMPLOYEES_DIM_CDC;

SELECT *
FROM TABLE(INFORMATION_SCHEMA.TASK_HISTORY())
WHERE TASK_NAME = 'TASK_UPDATE_EMPLOYEES_DIM_CDC'
ORDER BY SCHEDULED_TIME DESC;

CREATE OR REPLACE STREAM STREAM_EMPLOYEES ON TABLE CDC.EMPLOYEES;

SELECT * FROM STREAM_EMPLOYEES;


SELECT * FROM CDC.EMPLOYEES;



DROP STREAM STREAM_EMPLOYEES

DROP TABLE EMPLOYEES;